Type,X,Y
Target,50.0,50.0
Target,41.0,50.0
Target,90.0,90.0
Target,86.0,89.0
Target,10.0,10.0
Target,15.0,95.0
Sensor,32.767726330415876,45.50192439781508
Sensor,15.738905709391343,90.36035383622762
Sensor,44.90685097318128,52.91786872389789
Sensor,10.504213474958213,12.141251426769768
Sensor,88.22575582841314,82.2233252279691
